,tile_name,left,bottom,right,top
0,49FZ2,95000.0,387500.0,100000.0,393750.0
1,39CN1,140000.0,431250.0,145000.0,437500.0
2,10BN2,155000.0,568750.0,160000.0,575000.0
3,67BN1,30000.0,375000.0,35000.0,381250.0
4,12GZ2,245000.0,550000.0,250000.0,556250.0
5,43HZ1,90000.0,400000.0,95000.0,406250.0
6,40CZ2,185000.0,425000.0,190000.0,431250.0
7,51DZ1,150000.0,375000.0,155000.0,381250.0
8,28AN1,220000.0,493750.0,225000.0,500000.0
9,26CN2,145000.0,481250.0,150000.0,487500.0
10,25DZ2,115000.0,475000.0,120000.0,481250.0
11,31AN1,100000.0,468750.0,105000.0,475000.0
12,25FN2,135000.0,493750.0,140000.0,500000.0
13,31GZ2,125000.0,450000.0,130000.0,456250.0
14,65GN2,45000.0,387500.0,50000.0,393750.0
15,26HN2,175000.0,481250.0,180000.0,487500.0
16,72HZ2,95000.0,500000.0,100000.0,506250.0
17,06AZ1,180000.0,587500.0,185000.0,593750.0
18,67BZ2,35000.0,368750.0,40000.0,375000.0
19,49EN1,80000.0,393750.0,85000.0,400000.0
20,19FZ1,130000.0,512500.0,135000.0,518750.0
21,34BN2,235000.0,468750.0,240000.0,475000.0
22,57HN2,175000.0,356250.0,180000.0,362500.0
23,38DZ1,110000.0,425000.0,115000.0,431250.0
24,14FN1,130000.0,543750.0,135000.0,550000.0
25,22BN1,230000.0,518750.0,235000.0,525000.0
26,40FN1,210000.0,443750.0,215000.0,450000.0
27,05HZ2,175000.0,575000.0,180000.0,581250.0
28,46DZ2,195000.0,400000.0,200000.0,406250.0
29,11FZ2,215000.0,562500.0,220000.0,568750.0
30,28DN1,230000.0,481250.0,235000.0,487500.0
31,30FN1,90000.0,468750.0,95000.0,475000.0
32,17FZ1,250000.0,537500.0,255000.0,543750.0
33,57BZ1,150000.0,362500.0,155000.0,368750.0
34,21CN1,180000.0,506250.0,185000.0,512500.0
35,20FN2,175000.0,518750.0,180000.0,525000.0
36,02CN2,185000.0,606250.0,190000.0,612500.0
37,14DZ1,110000.0,525000.0,115000.0,531250.0
38,06FN1,210000.0,593750.0,215000.0,600000.0
39,49HN1,90000.0,381250.0,95000.0,387500.0
40,43HZ2,95000.0,400000.0,100000.0,406250.0
41,31EZ1,120000.0,462500.0,125000.0,468750.0
42,43CN1,60000.0,406250.0,65000.0,412500.0
43,51EN1,160000.0,393750.0,165000.0,400000.0
44,19DZ2,115000.0,500000.0,120000.0,506250.0
45,05FN1,170000.0,593750.0,175000.0,600000.0
46,67CN2,25000.0,362500.0,30000.0,368750.0
47,58AN2,185000.0,368750.0,190000.0,375000.0
48,14CZ2,105000.0,525000.0,110000.0,531250.0
49,44BN1,110000.0,418750.0,115000.0,425000.0
50,33CN2,185000.0,456250.0,190000.0,462500.0
51,06DZ1,190000.0,575000.0,195000.0,581250.0
52,38DN2,115000.0,431250.0,120000.0,437500.0
53,69BZ1,180000.0,312500.0,185000.0,318750.0
54,43BN2,75000.0,418750.0,80000.0,425000.0
55,25CN2,105000.0,481250.0,110000.0,487500.0
56,37HN2,95000.0,431250.0,100000.0,437500.0
57,21GZ1,200000.0,500000.0,205000.0,506250.0
58,27DN2,195000.0,481250.0,200000.0,487500.0
59,26BN2,155000.0,493750.0,160000.0,500000.0
60,38HN1,130000.0,431250.0,135000.0,437500.0
61,11AN1,180000.0,568750.0,185000.0,575000.0
62,19FN2,135000.0,518750.0,140000.0,525000.0
63,25BN2,115000.0,493750.0,120000.0,500000.0
64,19GN1,120000.0,506250.0,125000.0,512500.0
65,21BN2,195000.0,518750.0,200000.0,525000.0
66,08DZ1,270000.0,575000.0,275000.0,581250.0
67,67EZ1,40000.0,368750.0,45000.0,375000.0
68,34GN1,240000.0,456250.0,245000.0,462500.0
69,43CN2,65000.0,406250.0,70000.0,412500.0
70,44EN1,120000.0,418750.0,125000.0,425000.0
71,46BN2,195000.0,418750.0,200000.0,425000.0
72,06BZ1,190000.0,587500.0,195000.0,593750.0
73,37FN1,90000.0,443750.0,95000.0,450000.0
74,43AZ2,65000.0,412500.0,70000.0,418750.0
75,67FZ1,50000.0,368750.0,55000.0,375000.0
76,51BN2,155000.0,393750.0,160000.0,400000.0
77,16FZ1,210000.0,537500.0,215000.0,543750.0
78,45HN1,170000.0,406250.0,175000.0,412500.0
79,44DZ1,110000.0,400000.0,115000.0,406250.0
80,50DN1,110000.0,381250.0,115000.0,387500.0
81,49GZ1,80000.0,375000.0,85000.0,381250.0
82,18CN1,260000.0,531250.0,265000.0,537500.0
83,26GN2,165000.0,481250.0,170000.0,487500.0
84,08AZ2,265000.0,587500.0,270000.0,593750.0
85,19CZ1,100000.0,500000.0,105000.0,506250.0
86,19BZ1,110000.0,512500.0,115000.0,518750.0
87,44EZ1,120000.0,412500.0,125000.0,418750.0
88,14EZ1,120000.0,537500.0,125000.0,543750.0
89,09BN1,110000.0,568750.0,115000.0,575000.0
90,20EN2,165000.0,518750.0,170000.0,525000.0
91,51FN2,175000.0,393750.0,180000.0,400000.0
92,25FZ2,135000.0,487500.0,140000.0,493750.0
93,01HN1,170000.0,606250.0,175000.0,612500.0
94,32BN2,155000.0,468750.0,160000.0,475000.0
95,19DN2,115000.0,506250.0,120000.0,512500.0
96,33AN2,185000.0,468750.0,190000.0,475000.0
97,07DZ2,235000.0,575000.0,240000.0,581250.0
98,34BZ2,235000.0,462500.0,240000.0,468750.0
99,46CN2,185000.0,406250.0,190000.0,412500.0
100,08AZ1,260000.0,587500.0,265000.0,593750.0
101,12FZ1,250000.0,562500.0,255000.0,568750.0
102,10HZ2,175000.0,550000.0,180000.0,556250.0
103,32GZ2,165000.0,450000.0,170000.0,456250.0
104,06GN1,200000.0,581250.0,205000.0,587500.0
105,04GN1,120000.0,581250.0,125000.0,587500.0
106,58FN1,210000.0,368750.0,215000.0,375000.0
107,39BN2,155000.0,443750.0,160000.0,450000.0
108,01GN1,160000.0,606250.0,165000.0,612500.0
109,67FN1,50000.0,375000.0,55000.0,381250.0
110,19BZ2,115000.0,512500.0,120000.0,518750.0
111,50BZ2,115000.0,387500.0,120000.0,393750.0
112,17FN2,255000.0,543750.0,260000.0,550000.0
113,40BN2,195000.0,443750.0,200000.0,450000.0
114,57AN2,145000.0,368750.0,150000.0,375000.0
115,33GZ1,200000.0,450000.0,205000.0,456250.0
116,16DZ1,190000.0,525000.0,195000.0,531250.0
117,22BZ2,235000.0,512500.0,240000.0,518750.0
118,45FZ2,175000.0,412500.0,180000.0,418750.0
119,51DN1,150000.0,381250.0,155000.0,387500.0
120,07HN2,255000.0,581250.0,260000.0,587500.0
121,07AZ2,225000.0,587500.0,230000.0,593750.0
122,30EZ1,80000.0,462500.0,85000.0,468750.0
123,30DN2,75000.0,456250.0,80000.0,462500.0
124,69GN2,195000.0,306250.0,200000.0,312500.0
125,22CZ2,225000.0,500000.0,230000.0,506250.0
126,34EZ2,245000.0,462500.0,250000.0,468750.0
127,01DZ1,150000.0,600000.0,155000.0,606250.0
128,18CZ1,260000.0,525000.0,265000.0,531250.0
129,28BN2,235000.0,493750.0,240000.0,500000.0
130,39GN1,160000.0,431250.0,165000.0,437500.0
131,01GZ2,165000.0,600000.0,170000.0,606250.0
132,08DZ2,275000.0,575000.0,280000.0,581250.0
133,65HN1,50000.0,387500.0,55000.0,393750.0
134,25CN1,100000.0,481250.0,105000.0,487500.0
135,33BZ1,190000.0,462500.0,195000.0,468750.0
136,39HZ2,175000.0,425000.0,180000.0,431250.0
137,52CZ1,180000.0,375000.0,185000.0,381250.0
138,41BZ1,230000.0,437500.0,235000.0,443750.0
139,38FN1,130000.0,443750.0,135000.0,450000.0
140,45BN1,150000.0,418750.0,155000.0,425000.0
141,45HZ1,170000.0,400000.0,175000.0,406250.0
142,10GN1,160000.0,556250.0,165000.0,562500.0
143,57EN1,160000.0,368750.0,165000.0,375000.0
144,20FN1,170000.0,518750.0,175000.0,525000.0
145,29AZ2,265000.0,487500.0,270000.0,493750.0
146,21CN2,185000.0,506250.0,190000.0,512500.0
147,33DZ1,190000.0,450000.0,195000.0,456250.0
148,11AZ2,185000.0,562500.0,190000.0,568750.0
149,06BN1,190000.0,593750.0,195000.0,600000.0
150,40CN2,185000.0,431250.0,190000.0,437500.0
151,19BN1,110000.0,518750.0,115000.0,525000.0
152,52FN1,210000.0,393750.0,215000.0,400000.0
153,34BZ1,230000.0,462500.0,235000.0,468750.0
154,32DN2,155000.0,456250.0,160000.0,462500.0
155,21GN2,205000.0,506250.0,210000.0,512500.0
156,52BZ2,195000.0,387500.0,200000.0,393750.0
157,65DZ2,35000.0,381250.0,40000.0,387500.0
158,33AN1,180000.0,468750.0,185000.0,475000.0
159,17EZ1,240000.0,537500.0,245000.0,543750.0
160,40FZ1,210000.0,437500.0,215000.0,443750.0
161,52CN2,185000.0,381250.0,190000.0,387500.0
162,12CN2,225000.0,556250.0,230000.0,562500.0
163,11GN2,205000.0,556250.0,210000.0,562500.0
164,26AN2,145000.0,493750.0,150000.0,500000.0
165,40EZ2,205000.0,437500.0,210000.0,443750.0
166,52BN2,195000.0,393750.0,200000.0,400000.0
167,17GN2,245000.0,531250.0,250000.0,537500.0
168,27BZ1,190000.0,487500.0,195000.0,493750.0
169,06FZ2,215000.0,587500.0,220000.0,593750.0
170,17AZ2,225000.0,537500.0,230000.0,543750.0
171,13BN2,275000.0,568750.0,280000.0,575000.0
172,51AZ2,145000.0,387500.0,150000.0,393750.0
173,13AN1,260000.0,568750.0,265000.0,575000.0
174,03GZ2,245000.0,600000.0,250000.0,606250.0
175,26EZ2,165000.0,487500.0,170000.0,493750.0
176,10EN1,160000.0,568750.0,165000.0,575000.0
177,32AZ2,145000.0,462500.0,150000.0,468750.0
178,27EN1,200000.0,493750.0,205000.0,500000.0
179,40AN2,185000.0,443750.0,190000.0,450000.0
180,28EN1,240000.0,493750.0,245000.0,500000.0
181,52EN2,205000.0,393750.0,210000.0,400000.0
182,01CZ1,140000.0,600000.0,145000.0,606250.0
183,44HN1,130000.0,406250.0,135000.0,412500.0
184,12AN1,220000.0,568750.0,225000.0,575000.0
185,11AZ1,180000.0,562500.0,185000.0,568750.0
186,49AN1,60000.0,393750.0,65000.0,400000.0
187,67HZ2,55000.0,356250.0,60000.0,362500.0
188,20FZ1,170000.0,512500.0,175000.0,518750.0
189,52BN1,190000.0,393750.0,195000.0,400000.0
190,23AZ2,265000.0,512500.0,270000.0,518750.0
191,34GZ2,245000.0,450000.0,250000.0,456250.0
192,44CN2,105000.0,406250.0,110000.0,412500.0
193,51EZ2,165000.0,387500.0,170000.0,393750.0
194,65CN2,25000.0,387500.0,30000.0,393750.0
195,05HN1,170000.0,581250.0,175000.0,587500.0
196,69CN2,175000.0,306250.0,180000.0,312500.0
197,38AN2,105000.0,443750.0,110000.0,450000.0
198,57HN1,170000.0,356250.0,175000.0,362500.0
199,06EZ2,205000.0,587500.0,210000.0,593750.0
200,38FN2,135000.0,443750.0,140000.0,450000.0
201,64GN2,45000.0,412500.0,50000.0,418750.0
202,31EZ2,125000.0,462500.0,130000.0,468750.0
203,65CN1,20000.0,387500.0,25000.0,393750.0
204,45CN2,145000.0,406250.0,150000.0,412500.0
205,39DZ2,155000.0,425000.0,160000.0,431250.0
206,14CN2,105000.0,531250.0,110000.0,537500.0
207,01HN2,175000.0,606250.0,180000.0,612500.0
208,29CN2,265000.0,481250.0,270000.0,487500.0
209,09DN2,115000.0,556250.0,120000.0,562500.0
210,12FN1,250000.0,568750.0,255000.0,575000.0
211,10FZ1,170000.0,562500.0,175000.0,568750.0
212,10EZ1,160000.0,562500.0,165000.0,568750.0
213,32CN1,140000.0,456250.0,145000.0,462500.0
214,43FN2,95000.0,418750.0,100000.0,425000.0
215,20DZ2,155000.0,500000.0,160000.0,506250.0
216,10DN1,150000.0,556250.0,155000.0,562500.0
217,65DN2,35000.0,387500.0,40000.0,393750.0
218,34AZ2,225000.0,462500.0,230000.0,468750.0
219,43BN1,70000.0,418750.0,75000.0,425000.0
220,21DN2,195000.0,506250.0,200000.0,512500.0
221,17FZ2,255000.0,537500.0,260000.0,543750.0
222,32HN1,170000.0,456250.0,175000.0,462500.0
223,51EZ1,160000.0,387500.0,165000.0,393750.0
224,12GZ1,240000.0,550000.0,245000.0,556250.0
225,30GZ2,85000.0,450000.0,90000.0,456250.0
226,28HN1,250000.0,481250.0,255000.0,487500.0
227,34DZ2,235000.0,450000.0,240000.0,456250.0
228,52GZ2,205000.0,375000.0,210000.0,381250.0
229,10GN2,165000.0,556250.0,170000.0,562500.0
230,16HN1,210000.0,531250.0,215000.0,537500.0
231,21AZ2,185000.0,512500.0,190000.0,518750.0
232,40AZ2,185000.0,437500.0,190000.0,443750.0
233,32FZ2,175000.0,462500.0,180000.0,468750.0
234,08BZ1,270000.0,587500.0,275000.0,593750.0
235,66HN1,10000.0,362500.0,15000.0,368750.0
236,22FN2,255000.0,518750.0,260000.0,525000.0
237,32DN1,150000.0,456250.0,155000.0,462500.0
238,44HZ2,135000.0,400000.0,140000.0,406250.0
239,50CN1,100000.0,381250.0,105000.0,387500.0
240,32FZ1,170000.0,462500.0,175000.0,468750.0
241,32CZ2,145000.0,450000.0,150000.0,456250.0
242,65BN1,30000.0,400000.0,35000.0,406250.0
243,51HN1,170000.0,381250.0,175000.0,387500.0
244,38CN1,100000.0,431250.0,105000.0,437500.0
245,03DN2,235000.0,606250.0,240000.0,612500.0
246,44GN2,125000.0,406250.0,130000.0,412500.0
247,65HN2,55000.0,387500.0,60000.0,393750.0
248,04GZ1,120000.0,575000.0,125000.0,581250.0
249,50EN2,125000.0,393750.0,130000.0,400000.0
250,65HZ2,55000.0,381250.0,60000.0,387500.0
251,07EZ2,245000.0,587500.0,250000.0,593750.0
252,58AN1,180000.0,368750.0,185000.0,375000.0
253,14BZ1,110000.0,537500.0,115000.0,543750.0
254,37HZ2,95000.0,425000.0,100000.0,431250.0
255,13DN1,270000.0,556250.0,275000.0,562500.0
256,43AZ1,60000.0,412500.0,65000.0,418750.0
257,28GZ2,245000.0,475000.0,250000.0,481250.0
258,25CZ1,100000.0,475000.0,105000.0,481250.0
259,17AN1,220000.0,543750.0,225000.0,550000.0
260,26AZ1,140000.0,487500.0,145000.0,493750.0
261,65CZ1,20000.0,381250.0,25000.0,387500.0
262,19DN1,110000.0,506250.0,115000.0,512500.0
263,40DN1,190000.0,431250.0,195000.0,437500.0
264,26GZ1,160000.0,475000.0,165000.0,481250.0
265,45HN2,175000.0,406250.0,180000.0,412500.0
266,57FZ2,175000.0,362500.0,180000.0,368750.0
267,58AZ2,185000.0,362500.0,190000.0,368750.0
268,39CZ1,140000.0,425000.0,145000.0,431250.0
269,49DN2,75000.0,381250.0,80000.0,387500.0
270,41BZ2,235000.0,437500.0,240000.0,443750.0
271,10BZ2,155000.0,562500.0,160000.0,568750.0
272,25HN1,130000.0,481250.0,135000.0,487500.0
273,58EN2,205000.0,368750.0,210000.0,375000.0
274,32CZ1,140000.0,450000.0,145000.0,456250.0
275,68FN1,200000.0,343750.0,205000.0,350000.0
276,55EN2,85000.0,368750.0,90000.0,375000.0
277,39AZ2,145000.0,437500.0,150000.0,443750.0
278,28FZ2,255000.0,487500.0,260000.0,493750.0
279,17EN1,240000.0,543750.0,245000.0,550000.0
280,07CN1,220000.0,581250.0,225000.0,587500.0
281,58BZ2,195000.0,362500.0,200000.0,368750.0
282,03HN1,250000.0,606250.0,255000.0,612500.0
283,51HZ2,175000.0,375000.0,180000.0,381250.0
284,20HZ1,170000.0,500000.0,175000.0,506250.0
285,51GZ1,160000.0,375000.0,165000.0,381250.0
286,11GN1,200000.0,556250.0,205000.0,562500.0
287,28FN2,255000.0,493750.0,260000.0,500000.0
288,49CN2,65000.0,381250.0,70000.0,387500.0
289,40BZ2,195000.0,437500.0,200000.0,443750.0
290,33FZ1,210000.0,462500.0,215000.0,468750.0
291,17HZ1,250000.0,525000.0,255000.0,531250.0
292,37FN2,95000.0,443750.0,100000.0,450000.0
293,34EN1,240000.0,468750.0,245000.0,475000.0
294,33EZ2,205000.0,462500.0,210000.0,468750.0
295,23AZ1,260000.0,512500.0,265000.0,518750.0
296,40GZ1,200000.0,425000.0,205000.0,431250.0
297,07DZ1,230000.0,575000.0,235000.0,581250.0
298,10FN2,175000.0,568750.0,180000.0,575000.0
299,21BZ2,195000.0,512500.0,200000.0,518750.0
300,19EZ1,120000.0,512500.0,125000.0,518750.0
301,35AZ1,260000.0,462500.0,265000.0,468750.0
302,32DZ1,150000.0,450000.0,155000.0,456250.0
303,07HZ2,255000.0,575000.0,260000.0,581250.0
304,16EZ2,205000.0,537500.0,210000.0,543750.0
305,25GN2,125000.0,481250.0,130000.0,487500.0
306,55EN1,80000.0,368750.0,85000.0,375000.0
307,27HN1,210000.0,481250.0,215000.0,487500.0
308,67AN2,25000.0,375000.0,30000.0,381250.0
309,27CN2,185000.0,481250.0,190000.0,487500.0
310,45DZ2,155000.0,400000.0,160000.0,406250.0
311,34EN2,245000.0,468750.0,250000.0,475000.0
312,49DZ2,75000.0,375000.0,80000.0,381250.0
313,14EN1,120000.0,543750.0,125000.0,550000.0
314,02CN1,180000.0,606250.0,185000.0,612500.0
315,10HN1,170000.0,556250.0,175000.0,562500.0
316,12CZ2,225000.0,550000.0,230000.0,556250.0
317,34CN1,220000.0,456250.0,225000.0,462500.0
318,40FZ2,215000.0,437500.0,220000.0,443750.0
319,57BN2,155000.0,368750.0,160000.0,375000.0
320,28BN1,230000.0,493750.0,235000.0,500000.0
321,40HN2,215000.0,431250.0,220000.0,437500.0
322,69AZ1,170000.0,312500.0,175000.0,318750.0
323,31FN2,135000.0,468750.0,140000.0,475000.0
324,03DZ2,235000.0,600000.0,240000.0,606250.0
325,07CN2,225000.0,581250.0,230000.0,587500.0
326,22AZ2,225000.0,512500.0,230000.0,518750.0
327,33EZ1,200000.0,462500.0,205000.0,468750.0
328,02EZ2,205000.0,612500.0,210000.0,618750.0
329,02HN2,215000.0,606250.0,220000.0,612500.0
330,07BZ1,230000.0,587500.0,235000.0,593750.0
331,51CZ1,140000.0,375000.0,145000.0,381250.0
332,30EZ2,85000.0,462500.0,90000.0,468750.0
333,49FN2,95000.0,393750.0,100000.0,400000.0
334,33EN1,200000.0,468750.0,205000.0,475000.0
335,64GN1,40000.0,412500.0,45000.0,418750.0
336,14GZ1,120000.0,525000.0,125000.0,531250.0
337,43EN1,80000.0,418750.0,85000.0,425000.0
338,16FN2,215000.0,543750.0,220000.0,550000.0
339,39FZ2,175000.0,437500.0,180000.0,443750.0
340,11HZ1,210000.0,550000.0,215000.0,556250.0
341,51GN1,160000.0,381250.0,165000.0,387500.0
342,02FZ2,215000.0,612500.0,220000.0,618750.0
343,31EN2,125000.0,468750.0,130000.0,475000.0
344,22AZ1,220000.0,512500.0,225000.0,518750.0
345,37DZ1,70000.0,425000.0,75000.0,431250.0
346,68GN2,195000.0,331250.0,200000.0,337500.0
347,11CZ2,185000.0,550000.0,190000.0,556250.0
348,46BZ2,195000.0,412500.0,200000.0,418750.0
349,58AZ1,180000.0,362500.0,185000.0,368750.0
350,11DN2,195000.0,556250.0,200000.0,562500.0
351,17EN2,245000.0,543750.0,250000.0,550000.0
352,39HN2,175000.0,431250.0,180000.0,437500.0
353,02HZ1,210000.0,600000.0,215000.0,606250.0
354,37FZ1,90000.0,437500.0,95000.0,443750.0
355,57HZ1,170000.0,350000.0,175000.0,356250.0
356,34CN2,225000.0,456250.0,230000.0,462500.0
357,39EN2,165000.0,443750.0,170000.0,450000.0
358,07BZ2,235000.0,587500.0,240000.0,593750.0
359,06CN2,185000.0,581250.0,190000.0,587500.0
360,17DN1,230000.0,531250.0,235000.0,537500.0
361,28FZ1,250000.0,487500.0,255000.0,493750.0
362,30FN2,95000.0,468750.0,100000.0,475000.0
363,13DZ1,270000.0,550000.0,275000.0,556250.0
364,68EZ1,190000.0,337500.0,195000.0,343750.0
365,17DZ2,235000.0,525000.0,240000.0,531250.0
366,39AZ1,140000.0,437500.0,145000.0,443750.0
367,39DN1,150000.0,431250.0,155000.0,437500.0
368,43DZ1,70000.0,400000.0,75000.0,406250.0
369,17BZ1,230000.0,537500.0,235000.0,543750.0
370,65CZ2,25000.0,381250.0,30000.0,387500.0
371,31GN2,125000.0,456250.0,130000.0,462500.0
372,52AZ1,180000.0,387500.0,185000.0,393750.0
373,03HZ2,255000.0,600000.0,260000.0,606250.0
374,39CZ2,145000.0,425000.0,150000.0,431250.0
375,40CN1,180000.0,431250.0,185000.0,437500.0
376,67BZ1,30000.0,368750.0,35000.0,375000.0
377,17CZ1,220000.0,525000.0,225000.0,531250.0
378,30HN2,95000.0,456250.0,100000.0,462500.0
379,14AN2,105000.0,543750.0,110000.0,550000.0
380,05DZ2,155000.0,575000.0,160000.0,581250.0
381,05GZ2,165000.0,575000.0,170000.0,581250.0
382,09BZ1,110000.0,562500.0,115000.0,568750.0
383,43GN2,85000.0,406250.0,90000.0,412500.0
384,55BZ1,70000.0,362500.0,75000.0,368750.0
385,10GZ2,165000.0,550000.0,170000.0,556250.0
386,39EZ1,160000.0,437500.0,165000.0,443750.0
387,27FZ1,210000.0,487500.0,215000.0,493750.0
388,65FN2,55000.0,400000.0,60000.0,406250.0
389,38BZ1,110000.0,437500.0,115000.0,443750.0
390,25HZ1,130000.0,475000.0,135000.0,481250.0
391,10HN2,175000.0,556250.0,180000.0,562500.0
392,44DN1,110000.0,406250.0,115000.0,412500.0
393,28GN2,245000.0,481250.0,250000.0,487500.0
394,52GZ1,200000.0,375000.0,205000.0,381250.0
395,49EZ2,85000.0,387500.0,90000.0,393750.0
396,41CN1,220000.0,431250.0,225000.0,437500.0
397,26FN1,170000.0,493750.0,175000.0,500000.0
398,40BZ1,190000.0,437500.0,195000.0,443750.0
399,67EZ2,45000.0,368750.0,50000.0,375000.0
400,51BN1,150000.0,393750.0,155000.0,400000.0
401,15EZ1,160000.0,537500.0,165000.0,543750.0
402,10CN2,145000.0,556250.0,150000.0,562500.0
403,50DZ2,115000.0,375000.0,120000.0,381250.0
404,44BN2,115000.0,418750.0,120000.0,425000.0
405,40DZ1,190000.0,425000.0,195000.0,431250.0
406,07AN2,225000.0,593750.0,230000.0,600000.0
407,26BZ2,155000.0,487500.0,160000.0,493750.0
408,29AN1,260000.0,493750.0,265000.0,500000.0
409,12FN2,255000.0,568750.0,260000.0,575000.0
410,12AN2,225000.0,568750.0,230000.0,575000.0
411,19CZ2,105000.0,500000.0,110000.0,506250.0
412,45FZ1,170000.0,412500.0,175000.0,418750.0
413,68GN1,190000.0,331250.0,195000.0,337500.0
414,49FZ1,90000.0,387500.0,95000.0,393750.0
415,21FZ1,210000.0,512500.0,215000.0,518750.0
416,06AN2,185000.0,593750.0,190000.0,600000.0
417,10BN1,150000.0,568750.0,155000.0,575000.0
418,10DZ2,155000.0,550000.0,160000.0,556250.0
419,39CN2,145000.0,431250.0,150000.0,437500.0
420,45EZ1,160000.0,412500.0,165000.0,418750.0
421,14EZ2,125000.0,537500.0,130000.0,543750.0
422,12BZ2,235000.0,562500.0,240000.0,568750.0
423,51HZ1,170000.0,375000.0,175000.0,381250.0
424,06GZ2,205000.0,575000.0,210000.0,581250.0
425,25DZ1,110000.0,475000.0,115000.0,481250.0
426,37AZ1,60000.0,437500.0,65000.0,443750.0
427,38DZ2,115000.0,425000.0,120000.0,431250.0
428,65BZ2,35000.0,393750.0,40000.0,400000.0
429,38EN1,120000.0,443750.0,125000.0,450000.0
430,26DN2,155000.0,481250.0,160000.0,487500.0
431,52AN1,180000.0,393750.0,185000.0,400000.0
432,16AZ1,180000.0,537500.0,185000.0,543750.0
433,45HZ2,175000.0,400000.0,180000.0,406250.0
434,64HZ2,55000.0,406250.0,60000.0,412500.0
435,06GZ1,200000.0,575000.0,205000.0,581250.0
436,43CZ2,65000.0,400000.0,70000.0,406250.0
437,58GN1,200000.0,356250.0,205000.0,362500.0
438,41DN2,235000.0,431250.0,240000.0,437500.0
439,49GZ2,85000.0,375000.0,90000.0,381250.0
440,32GN2,165000.0,456250.0,170000.0,462500.0
441,33BN2,195000.0,468750.0,200000.0,475000.0
442,16CZ2,185000.0,525000.0,190000.0,531250.0
443,49BN2,75000.0,393750.0,80000.0,400000.0
444,51FN1,170000.0,393750.0,175000.0,400000.0
445,69AN1,170000.0,318750.0,175000.0,325000.0
446,16BZ2,195000.0,537500.0,200000.0,543750.0
447,37EZ1,80000.0,437500.0,85000.0,443750.0
448,50EZ2,125000.0,387500.0,130000.0,393750.0
449,50AN1,100000.0,393750.0,105000.0,400000.0
450,07GZ2,245000.0,575000.0,250000.0,581250.0
451,09HZ2,135000.0,550000.0,140000.0,556250.0
452,17EZ2,245000.0,537500.0,250000.0,543750.0
453,33AZ1,180000.0,462500.0,185000.0,468750.0
454,12BN2,235000.0,568750.0,240000.0,575000.0
455,35AN2,265000.0,468750.0,270000.0,475000.0
456,13BN1,270000.0,568750.0,275000.0,575000.0
457,43FZ2,95000.0,412500.0,100000.0,418750.0
458,18BN1,270000.0,543750.0,275000.0,550000.0
459,21BZ1,190000.0,512500.0,195000.0,518750.0
460,20EZ2,165000.0,512500.0,170000.0,518750.0
461,03GZ1,240000.0,600000.0,245000.0,606250.0
462,37AN2,65000.0,443750.0,70000.0,450000.0
463,28HZ2,255000.0,475000.0,260000.0,481250.0
464,37EN1,80000.0,443750.0,85000.0,450000.0
465,13CZ2,265000.0,550000.0,270000.0,556250.0
466,65EZ1,40000.0,393750.0,45000.0,400000.0
467,38FZ2,135000.0,437500.0,140000.0,443750.0
468,28DZ1,230000.0,475000.0,235000.0,481250.0
469,46BZ1,190000.0,412500.0,195000.0,418750.0
470,44BZ2,115000.0,412500.0,120000.0,418750.0
471,07CZ2,225000.0,575000.0,230000.0,581250.0
472,38HN2,135000.0,431250.0,140000.0,437500.0
473,16HZ2,215000.0,525000.0,220000.0,531250.0
474,40BN1,190000.0,443750.0,195000.0,450000.0
475,31DN1,110000.0,456250.0,115000.0,462500.0
476,25EZ1,120000.0,487500.0,125000.0,493750.0
477,34EZ1,240000.0,462500.0,245000.0,468750.0
478,17GZ1,240000.0,525000.0,245000.0,531250.0
479,41BN2,235000.0,443750.0,240000.0,450000.0
480,43AN2,65000.0,418750.0,70000.0,425000.0
481,45GZ1,160000.0,400000.0,165000.0,406250.0
482,09EN1,120000.0,568750.0,125000.0,575000.0
483,08AN1,260000.0,593750.0,265000.0,600000.0
484,44GN1,120000.0,406250.0,125000.0,412500.0
485,23AN1,260000.0,518750.0,265000.0,525000.0
486,44FZ1,130000.0,412500.0,135000.0,418750.0
487,58EN1,200000.0,368750.0,205000.0,375000.0
488,37FZ2,95000.0,437500.0,100000.0,443750.0
489,38CZ2,105000.0,425000.0,110000.0,431250.0
490,33CZ1,180000.0,450000.0,185000.0,456250.0
491,57GN2,165000.0,356250.0,170000.0,362500.0
492,13AZ2,265000.0,562500.0,270000.0,568750.0
493,39EZ2,165000.0,437500.0,170000.0,443750.0
494,22DZ2,235000.0,500000.0,240000.0,506250.0
495,12DZ1,230000.0,550000.0,235000.0,556250.0
496,25GZ1,120000.0,475000.0,125000.0,481250.0
497,34DN1,230000.0,456250.0,235000.0,462500.0
498,44FN1,130000.0,418750.0,135000.0,425000.0
499,67CN1,20000.0,362500.0,25000.0,368750.0
500,12AZ2,225000.0,562500.0,230000.0,568750.0
501,51AZ1,140000.0,387500.0,145000.0,393750.0
502,51FZ1,170000.0,387500.0,175000.0,393750.0
503,17AN2,225000.0,543750.0,230000.0,550000.0
504,02GN2,205000.0,606250.0,210000.0,612500.0
505,11EZ2,205000.0,562500.0,210000.0,568750.0
506,67DN1,30000.0,362500.0,35000.0,368750.0
507,26BZ1,150000.0,487500.0,155000.0,493750.0
508,52EZ1,200000.0,387500.0,205000.0,393750.0
509,38HZ1,130000.0,425000.0,135000.0,431250.0
510,12CN1,220000.0,556250.0,225000.0,562500.0
511,69AZ2,175000.0,312500.0,180000.0,318750.0
512,45DN2,155000.0,406250.0,160000.0,412500.0
513,33DN1,190000.0,456250.0,195000.0,462500.0
514,28CN2,225000.0,481250.0,230000.0,487500.0
515,16EN2,205000.0,543750.0,210000.0,550000.0
516,49GN2,85000.0,381250.0,90000.0,387500.0
517,06DZ2,195000.0,575000.0,200000.0,581250.0
518,05AN2,145000.0,593750.0,150000.0,600000.0
519,14DN2,115000.0,531250.0,120000.0,537500.0
520,38GZ2,125000.0,425000.0,130000.0,431250.0
521,45CN1,140000.0,406250.0,145000.0,412500.0
522,18BZ1,270000.0,537500.0,275000.0,543750.0
523,32HZ2,175000.0,450000.0,180000.0,456250.0
524,52GN1,200000.0,381250.0,205000.0,387500.0
525,40AZ1,180000.0,437500.0,185000.0,443750.0
526,37DZ2,75000.0,425000.0,80000.0,431250.0
527,44BZ1,110000.0,412500.0,115000.0,418750.0
528,37HZ1,90000.0,425000.0,95000.0,431250.0
529,45AZ1,140000.0,412500.0,145000.0,418750.0
530,31EN1,120000.0,468750.0,125000.0,475000.0
531,16DZ2,195000.0,525000.0,200000.0,531250.0
532,19BN2,115000.0,518750.0,120000.0,525000.0
533,21FN2,215000.0,518750.0,220000.0,525000.0
534,64HN1,50000.0,412500.0,55000.0,418750.0
535,19EN1,120000.0,518750.0,125000.0,525000.0
536,32CN2,145000.0,456250.0,150000.0,462500.0
537,46AZ2,185000.0,412500.0,190000.0,418750.0
538,44HN2,135000.0,406250.0,140000.0,412500.0
539,37GN2,85000.0,431250.0,90000.0,437500.0
540,21HN1,210000.0,506250.0,215000.0,512500.0
541,25EN2,125000.0,493750.0,130000.0,500000.0
542,33HN2,215000.0,456250.0,220000.0,462500.0
543,27AZ2,185000.0,487500.0,190000.0,493750.0
544,68EN2,195000.0,343750.0,200000.0,350000.0
545,38CN2,105000.0,431250.0,110000.0,437500.0
546,16HN2,215000.0,531250.0,220000.0,537500.0
547,65AN2,25000.0,400000.0,30000.0,406250.0
548,25DN2,115000.0,481250.0,120000.0,487500.0
549,38AN1,100000.0,443750.0,105000.0,450000.0
550,17HN2,255000.0,531250.0,260000.0,537500.0
551,37BZ2,75000.0,437500.0,80000.0,443750.0
552,19AZ1,100000.0,512500.0,105000.0,518750.0
553,69BZ2,185000.0,312500.0,190000.0,318750.0
554,68FN2,205000.0,343750.0,210000.0,350000.0
555,21CZ2,185000.0,500000.0,190000.0,506250.0
556,50BN2,115000.0,393750.0,120000.0,400000.0
557,50FN1,130000.0,393750.0,135000.0,400000.0
558,09AZ2,105000.0,562500.0,110000.0,568750.0
559,45AN2,145000.0,418750.0,150000.0,425000.0
560,41AZ2,225000.0,437500.0,230000.0,443750.0
561,46DZ1,190000.0,400000.0,195000.0,406250.0
562,32FN2,175000.0,468750.0,180000.0,475000.0
563,50FN2,135000.0,393750.0,140000.0,400000.0
564,40HN1,210000.0,431250.0,215000.0,437500.0
565,52DZ2,195000.0,375000.0,200000.0,381250.0
566,04GN2,125000.0,581250.0,130000.0,587500.0
567,50AN2,105000.0,393750.0,110000.0,400000.0
568,49EN2,85000.0,393750.0,90000.0,400000.0
569,27AN1,180000.0,493750.0,185000.0,500000.0
570,14HZ1,130000.0,525000.0,135000.0,531250.0
571,07EN1,240000.0,593750.0,245000.0,600000.0
572,05DN2,155000.0,581250.0,160000.0,587500.0
573,14FZ1,130000.0,537500.0,135000.0,543750.0
574,51FZ2,175000.0,387500.0,180000.0,393750.0
575,39GZ2,165000.0,425000.0,170000.0,431250.0
576,27CZ1,180000.0,475000.0,185000.0,481250.0
577,15FZ1,170000.0,537500.0,175000.0,543750.0
578,43FZ1,90000.0,412500.0,95000.0,418750.0
579,33FN1,210000.0,468750.0,215000.0,475000.0
580,30GN2,85000.0,456250.0,90000.0,462500.0
581,46CN1,180000.0,406250.0,185000.0,412500.0
582,26BN1,150000.0,493750.0,155000.0,500000.0
583,20AN1,140000.0,518750.0,145000.0,525000.0
584,02DZ2,195000.0,600000.0,200000.0,606250.0
585,21EZ1,200000.0,512500.0,205000.0,518750.0
586,52CN1,180000.0,381250.0,185000.0,387500.0
587,16EZ1,200000.0,537500.0,205000.0,543750.0
588,50AZ1,100000.0,387500.0,105000.0,393750.0
589,21HZ2,215000.0,500000.0,220000.0,506250.0
590,67FZ2,55000.0,368750.0,60000.0,375000.0
591,51HN2,175000.0,381250.0,180000.0,387500.0
592,58BZ1,190000.0,362500.0,195000.0,368750.0
593,24HZ1,90000.0,475000.0,95000.0,481250.0
594,38GZ1,120000.0,425000.0,125000.0,431250.0
595,49AZ2,65000.0,387500.0,70000.0,393750.0
596,41EN1,240000.0,443750.0,245000.0,450000.0
597,06BZ2,195000.0,587500.0,200000.0,593750.0
598,30GN1,80000.0,456250.0,85000.0,462500.0
599,49HN2,95000.0,381250.0,100000.0,387500.0
600,34BN1,230000.0,468750.0,235000.0,475000.0
601,39BZ2,155000.0,437500.0,160000.0,443750.0
602,05BN1,150000.0,593750.0,155000.0,600000.0
603,51AN2,145000.0,393750.0,150000.0,400000.0
604,40CZ1,180000.0,425000.0,185000.0,431250.0
605,06DN2,195000.0,581250.0,200000.0,587500.0
606,29CZ2,265000.0,475000.0,270000.0,481250.0
607,11EZ1,200000.0,562500.0,205000.0,568750.0
608,37GN1,80000.0,431250.0,85000.0,437500.0
609,14GN1,120000.0,531250.0,125000.0,537500.0
610,22EZ2,245000.0,512500.0,250000.0,518750.0
611,20BZ1,150000.0,512500.0,155000.0,518750.0
612,36FN2,55000.0,443750.0,60000.0,450000.0
613,40GN1,200000.0,431250.0,205000.0,437500.0
614,65GN1,40000.0,387500.0,45000.0,393750.0
615,49FN1,90000.0,393750.0,95000.0,400000.0
616,46AN1,180000.0,418750.0,185000.0,425000.0
617,45EN1,160000.0,418750.0,165000.0,425000.0
618,57FN1,170000.0,368750.0,175000.0,375000.0
619,30DZ2,75000.0,450000.0,80000.0,456250.0
620,51GZ2,165000.0,375000.0,170000.0,381250.0
621,03CZ2,225000.0,600000.0,230000.0,606250.0
622,16CN2,185000.0,531250.0,190000.0,537500.0
623,25AN1,100000.0,493750.0,105000.0,500000.0
624,10FN1,170000.0,568750.0,175000.0,575000.0
625,58CZ2,185000.0,350000.0,190000.0,356250.0
626,31CN1,100000.0,456250.0,105000.0,462500.0
627,64HN2,55000.0,412500.0,60000.0,418750.0
628,43BZ2,75000.0,412500.0,80000.0,418750.0
629,34HN1,250000.0,456250.0,255000.0,462500.0
630,32AZ1,140000.0,462500.0,145000.0,468750.0
631,15FZ2,175000.0,537500.0,180000.0,543750.0
632,12GN2,245000.0,556250.0,250000.0,562500.0
633,06EN2,205000.0,593750.0,210000.0,600000.0
634,31DZ2,115000.0,450000.0,120000.0,456250.0
635,43HN1,90000.0,406250.0,95000.0,412500.0
636,16BZ1,190000.0,537500.0,195000.0,543750.0
637,44FN2,135000.0,418750.0,140000.0,425000.0
638,12HN1,250000.0,556250.0,255000.0,562500.0
639,32EZ2,165000.0,462500.0,170000.0,468750.0
640,12EZ2,245000.0,562500.0,250000.0,568750.0
641,49DZ1,70000.0,375000.0,75000.0,381250.0
642,34GN2,245000.0,456250.0,250000.0,462500.0
643,46CZ2,185000.0,400000.0,190000.0,406250.0
644,01DZ2,155000.0,600000.0,160000.0,606250.0
645,39EN1,160000.0,443750.0,165000.0,450000.0
646,28GN1,240000.0,481250.0,245000.0,487500.0
647,17BZ2,235000.0,537500.0,240000.0,543750.0
648,28AZ2,225000.0,487500.0,230000.0,493750.0
649,68GZ1,190000.0,325000.0,195000.0,331250.0
650,11GZ2,205000.0,550000.0,210000.0,556250.0
651,65FN1,50000.0,400000.0,55000.0,406250.0
652,65AZ1,20000.0,393750.0,25000.0,400000.0
653,26DZ2,155000.0,475000.0,160000.0,481250.0
654,20GN1,160000.0,506250.0,165000.0,512500.0
655,38AZ2,105000.0,437500.0,110000.0,443750.0
656,33CN1,180000.0,456250.0,185000.0,462500.0
657,44AN1,100000.0,418750.0,105000.0,425000.0
658,31HZ2,135000.0,450000.0,140000.0,456250.0
659,04FZ2,135000.0,587500.0,140000.0,593750.0
660,43DN2,75000.0,406250.0,80000.0,412500.0
661,43EN2,85000.0,418750.0,90000.0,425000.0
662,14BZ2,115000.0,537500.0,120000.0,543750.0
663,49BZ1,70000.0,387500.0,75000.0,393750.0
664,25GN1,120000.0,481250.0,125000.0,487500.0
665,50AZ2,105000.0,387500.0,110000.0,393750.0
666,15HZ2,175000.0,525000.0,180000.0,531250.0
667,32AN2,145000.0,468750.0,150000.0,475000.0
668,19GZ1,120000.0,500000.0,125000.0,506250.0
669,22FZ2,255000.0,512500.0,260000.0,518750.0
670,50HN1,130000.0,381250.0,135000.0,387500.0
671,46BN1,190000.0,418750.0,195000.0,425000.0
672,37CZ1,60000.0,425000.0,65000.0,431250.0
673,34FN1,250000.0,468750.0,255000.0,475000.0
674,11EN2,205000.0,568750.0,210000.0,575000.0
675,40DN2,195000.0,431250.0,200000.0,437500.0
676,31HN2,135000.0,456250.0,140000.0,462500.0
677,26AZ2,145000.0,487500.0,150000.0,493750.0
678,22EN2,245000.0,518750.0,250000.0,525000.0
679,20FZ2,175000.0,512500.0,180000.0,518750.0
680,67BN2,35000.0,375000.0,40000.0,381250.0
681,15EN1,160000.0,543750.0,165000.0,550000.0
682,07AZ1,220000.0,587500.0,225000.0,593750.0
683,41CN2,225000.0,431250.0,230000.0,437500.0
684,22EN1,240000.0,518750.0,245000.0,525000.0
685,52DN2,195000.0,381250.0,200000.0,387500.0
686,44CN1,100000.0,406250.0,105000.0,412500.0
687,33BN1,190000.0,468750.0,195000.0,475000.0
688,02GN1,200000.0,606250.0,205000.0,612500.0
689,27GN1,200000.0,481250.0,205000.0,487500.0
690,05FN2,175000.0,593750.0,180000.0,600000.0
691,40EZ1,200000.0,437500.0,205000.0,443750.0
692,07FZ2,255000.0,587500.0,260000.0,593750.0
693,27HZ1,210000.0,475000.0,215000.0,481250.0
694,46GZ2,205000.0,400000.0,210000.0,406250.0
695,40HZ2,215000.0,425000.0,220000.0,431250.0
696,38DN1,110000.0,431250.0,115000.0,437500.0
697,50CN2,105000.0,381250.0,110000.0,387500.0
698,22CN2,225000.0,506250.0,230000.0,512500.0
699,39FN1,170000.0,443750.0,175000.0,450000.0
700,50HZ2,135000.0,375000.0,140000.0,381250.0
701,67AZ1,20000.0,368750.0,25000.0,375000.0
702,28EZ2,245000.0,487500.0,250000.0,493750.0
703,45CZ2,145000.0,400000.0,150000.0,406250.0
704,41EZ2,245000.0,437500.0,250000.0,443750.0
705,28DZ2,235000.0,475000.0,240000.0,481250.0
706,69BN2,185000.0,318750.0,190000.0,325000.0
707,46DN2,195000.0,406250.0,200000.0,412500.0
708,51CZ2,145000.0,375000.0,150000.0,381250.0
709,21CZ1,180000.0,500000.0,185000.0,506250.0
710,39FN2,175000.0,443750.0,180000.0,450000.0
711,44GZ1,120000.0,400000.0,125000.0,406250.0
712,21BN1,190000.0,518750.0,195000.0,525000.0
713,31CZ2,105000.0,450000.0,110000.0,456250.0
714,06EZ1,200000.0,587500.0,205000.0,593750.0
715,65BN2,35000.0,400000.0,40000.0,406250.0
716,24FN2,95000.0,493750.0,100000.0,500000.0
717,21FZ2,215000.0,512500.0,220000.0,518750.0
718,44AZ1,100000.0,412500.0,105000.0,418750.0
719,14HN2,135000.0,531250.0,140000.0,537500.0
720,16AN1,180000.0,543750.0,185000.0,550000.0
721,37AN1,60000.0,443750.0,65000.0,450000.0
722,32EZ1,160000.0,462500.0,165000.0,468750.0
723,08CZ1,260000.0,575000.0,265000.0,581250.0
724,16BN1,190000.0,543750.0,195000.0,550000.0
725,34DN2,235000.0,456250.0,240000.0,462500.0
726,65BZ1,30000.0,393750.0,35000.0,400000.0
727,27FN2,215000.0,493750.0,220000.0,500000.0
728,12HN2,255000.0,556250.0,260000.0,562500.0
729,28CZ2,225000.0,475000.0,230000.0,481250.0
730,34AZ1,220000.0,462500.0,225000.0,468750.0
731,29CN1,260000.0,481250.0,265000.0,487500.0
732,38EZ2,125000.0,437500.0,130000.0,443750.0
733,40FN2,215000.0,443750.0,220000.0,450000.0
734,19GZ2,125000.0,500000.0,130000.0,506250.0
735,37EN2,85000.0,443750.0,90000.0,450000.0
736,20GZ1,160000.0,500000.0,165000.0,506250.0
737,45CZ1,140000.0,400000.0,145000.0,406250.0
738,12EN1,240000.0,568750.0,245000.0,575000.0
739,51AN1,140000.0,393750.0,145000.0,400000.0
740,27GZ1,200000.0,475000.0,205000.0,481250.0
741,49CZ1,60000.0,375000.0,65000.0,381250.0
742,11AN2,185000.0,568750.0,190000.0,575000.0
743,46EZ1,200000.0,412500.0,205000.0,418750.0
744,37BN2,75000.0,443750.0,80000.0,450000.0
745,50EZ1,120000.0,387500.0,125000.0,393750.0
746,10HZ1,170000.0,550000.0,175000.0,556250.0
747,17CN2,225000.0,531250.0,230000.0,537500.0
748,34DZ1,230000.0,450000.0,235000.0,456250.0
749,16GZ1,200000.0,525000.0,205000.0,531250.0
750,67GZ2,45000.0,356250.0,50000.0,362500.0
751,50HZ1,130000.0,375000.0,135000.0,381250.0
752,27HN2,215000.0,481250.0,220000.0,487500.0
753,57EZ1,160000.0,362500.0,165000.0,368750.0
754,19HN1,130000.0,506250.0,135000.0,512500.0
755,10DN2,155000.0,556250.0,160000.0,562500.0
756,39BZ1,150000.0,437500.0,155000.0,443750.0
757,67FN2,55000.0,375000.0,60000.0,381250.0
758,02EZ1,200000.0,612500.0,205000.0,618750.0
759,10EZ2,165000.0,562500.0,170000.0,568750.0
760,06BN2,195000.0,593750.0,200000.0,600000.0
761,67EN1,40000.0,375000.0,45000.0,381250.0
762,02CZ2,185000.0,600000.0,190000.0,606250.0
763,57BZ2,155000.0,362500.0,160000.0,368750.0
764,45BZ1,150000.0,412500.0,155000.0,418750.0
765,25EZ2,125000.0,487500.0,130000.0,493750.0
766,37BN1,70000.0,443750.0,75000.0,450000.0
767,11BN2,195000.0,568750.0,200000.0,575000.0
768,25FN1,130000.0,493750.0,135000.0,500000.0
769,26CZ2,145000.0,475000.0,150000.0,481250.0
770,09DZ2,115000.0,550000.0,120000.0,556250.0
771,21DZ1,190000.0,500000.0,195000.0,506250.0
772,57AZ2,145000.0,362500.0,150000.0,368750.0
773,22AN2,225000.0,518750.0,230000.0,525000.0
774,37BZ1,70000.0,437500.0,75000.0,443750.0
775,57FZ1,170000.0,362500.0,175000.0,368750.0
776,39AN1,140000.0,443750.0,145000.0,450000.0
777,55CN1,60000.0,356250.0,65000.0,362500.0
778,08DN2,275000.0,581250.0,280000.0,587500.0
779,20BZ2,155000.0,512500.0,160000.0,518750.0
780,49CN1,60000.0,381250.0,65000.0,387500.0
781,65DZ1,30000.0,381250.0,35000.0,387500.0
782,40AN1,180000.0,443750.0,185000.0,450000.0
783,02GZ1,200000.0,600000.0,205000.0,606250.0
784,65HZ1,50000.0,381250.0,55000.0,387500.0
785,31BZ1,110000.0,462500.0,115000.0,468750.0
786,22CN1,220000.0,506250.0,225000.0,512500.0
787,32FN1,170000.0,468750.0,175000.0,475000.0
788,22GN1,240000.0,506250.0,245000.0,512500.0
789,14HN1,130000.0,531250.0,135000.0,537500.0
790,10FZ2,175000.0,562500.0,180000.0,568750.0
791,43FN1,90000.0,418750.0,95000.0,425000.0
792,16DN1,190000.0,531250.0,195000.0,537500.0
793,51EN2,165000.0,393750.0,170000.0,400000.0
794,67GZ1,40000.0,356250.0,45000.0,362500.0
795,28FN1,250000.0,493750.0,255000.0,500000.0
796,64DZ2,35000.0,406250.0,40000.0,412500.0
797,44EZ2,125000.0,412500.0,130000.0,418750.0
798,15GN2,165000.0,531250.0,170000.0,537500.0
799,20DZ1,150000.0,500000.0,155000.0,506250.0
800,19EN2,125000.0,518750.0,130000.0,525000.0
801,24HN1,90000.0,481250.0,95000.0,487500.0
802,21EZ2,205000.0,512500.0,210000.0,518750.0
803,11FN2,215000.0,568750.0,220000.0,575000.0
804,65EN2,45000.0,400000.0,50000.0,406250.0
805,06HZ1,210000.0,575000.0,215000.0,581250.0
806,46GZ1,200000.0,400000.0,205000.0,406250.0
807,20AN2,145000.0,518750.0,150000.0,525000.0
808,06CZ1,180000.0,575000.0,185000.0,581250.0
809,51CN1,140000.0,381250.0,145000.0,387500.0
810,50BN1,110000.0,393750.0,115000.0,400000.0
811,50FZ2,135000.0,387500.0,140000.0,393750.0
812,37AZ2,65000.0,437500.0,70000.0,443750.0
813,37DN1,70000.0,431250.0,75000.0,437500.0
814,15BZ2,155000.0,537500.0,160000.0,543750.0
815,14EN2,125000.0,543750.0,130000.0,550000.0
816,10EN2,165000.0,568750.0,170000.0,575000.0
817,52DZ1,190000.0,375000.0,195000.0,381250.0
818,69EN1,190000.0,318750.0,195000.0,325000.0
819,51CN2,145000.0,381250.0,150000.0,387500.0
820,45GN2,165000.0,406250.0,170000.0,412500.0
821,34AN2,225000.0,468750.0,230000.0,475000.0
822,01GN2,165000.0,606250.0,170000.0,612500.0
823,11DZ1,190000.0,550000.0,195000.0,556250.0
824,52AN2,185000.0,393750.0,190000.0,400000.0
825,04DZ2,115000.0,575000.0,120000.0,581250.0
826,46CZ1,180000.0,400000.0,185000.0,406250.0
827,10BZ1,150000.0,562500.0,155000.0,568750.0
828,57FN2,175000.0,368750.0,180000.0,375000.0
829,16FZ2,215000.0,537500.0,220000.0,543750.0
830,21EN1,200000.0,518750.0,205000.0,525000.0
831,65EZ2,45000.0,393750.0,50000.0,400000.0
832,01HZ2,175000.0,600000.0,180000.0,606250.0
833,50GN1,120000.0,381250.0,125000.0,387500.0
834,21DZ2,195000.0,500000.0,200000.0,506250.0
835,07EZ1,240000.0,587500.0,245000.0,593750.0
836,28AN2,225000.0,493750.0,230000.0,500000.0
837,64FN2,55000.0,425000.0,60000.0,431250.0
838,39FZ1,170000.0,437500.0,175000.0,443750.0
839,52AZ2,185000.0,387500.0,190000.0,393750.0
840,03GN1,240000.0,606250.0,245000.0,612500.0
841,32GZ1,160000.0,450000.0,165000.0,456250.0
842,38GN2,125000.0,431250.0,130000.0,437500.0
843,32GN1,160000.0,456250.0,165000.0,462500.0
844,52BZ1,190000.0,387500.0,195000.0,393750.0
845,19GN2,125000.0,506250.0,130000.0,512500.0
846,45FN1,170000.0,418750.0,175000.0,425000.0
847,30FZ2,95000.0,462500.0,100000.0,468750.0
848,65EN1,40000.0,400000.0,45000.0,406250.0
849,07HZ1,250000.0,575000.0,255000.0,581250.0
850,15HZ1,170000.0,525000.0,175000.0,531250.0
851,51GN2,165000.0,381250.0,170000.0,387500.0
852,21EN2,205000.0,518750.0,210000.0,525000.0
853,49BN1,70000.0,393750.0,75000.0,400000.0
854,57AZ1,140000.0,362500.0,145000.0,368750.0
855,09EZ1,120000.0,562500.0,125000.0,568750.0
856,21HN2,215000.0,506250.0,220000.0,512500.0
857,06HN1,210000.0,581250.0,215000.0,587500.0
858,58BN1,190000.0,368750.0,195000.0,375000.0
859,67GN2,45000.0,362500.0,50000.0,368750.0
860,27EZ2,205000.0,487500.0,210000.0,493750.0
861,52EZ2,205000.0,387500.0,210000.0,393750.0
862,50HN2,135000.0,381250.0,140000.0,387500.0
863,31AN2,105000.0,468750.0,110000.0,475000.0
864,07BN2,235000.0,593750.0,240000.0,600000.0
865,16AZ2,185000.0,537500.0,190000.0,543750.0
866,06AZ2,185000.0,587500.0,190000.0,593750.0
867,26EZ1,160000.0,487500.0,165000.0,493750.0
868,36HN2,55000.0,431250.0,60000.0,437500.0
869,49AZ1,60000.0,387500.0,65000.0,393750.0
870,15BN2,155000.0,543750.0,160000.0,550000.0
871,09CZ2,105000.0,550000.0,110000.0,556250.0
872,57HZ2,175000.0,350000.0,180000.0,356250.0
873,37GZ2,85000.0,425000.0,90000.0,431250.0
874,31FZ2,135000.0,462500.0,140000.0,468750.0
875,20BN2,155000.0,518750.0,160000.0,525000.0
876,25HN2,135000.0,481250.0,140000.0,487500.0
877,16GZ2,205000.0,525000.0,210000.0,531250.0
878,19CN2,105000.0,506250.0,110000.0,512500.0
879,56FN2,135000.0,368750.0,140000.0,375000.0
880,46GN1,200000.0,406250.0,205000.0,412500.0
881,16DN2,195000.0,531250.0,200000.0,537500.0
882,41DZ1,230000.0,425000.0,235000.0,431250.0
883,14GZ2,125000.0,525000.0,130000.0,531250.0
884,18AZ1,260000.0,537500.0,265000.0,543750.0
885,06GN2,205000.0,581250.0,210000.0,587500.0
886,44CZ2,105000.0,400000.0,110000.0,406250.0
887,34HN2,255000.0,456250.0,260000.0,462500.0
888,44FZ2,135000.0,412500.0,140000.0,418750.0
889,30GZ1,80000.0,450000.0,85000.0,456250.0
890,30HZ2,95000.0,450000.0,100000.0,456250.0
891,07FN2,255000.0,593750.0,260000.0,600000.0
892,64EN2,45000.0,425000.0,50000.0,431250.0
893,25AZ2,105000.0,487500.0,110000.0,493750.0
894,32BZ1,150000.0,462500.0,155000.0,468750.0
895,46AZ1,180000.0,412500.0,185000.0,418750.0
896,58DZ1,190000.0,350000.0,195000.0,356250.0
897,12BZ1,230000.0,562500.0,235000.0,568750.0
898,19CN1,100000.0,506250.0,105000.0,512500.0
899,14GN2,125000.0,531250.0,130000.0,537500.0
900,29CZ1,260000.0,475000.0,265000.0,481250.0
901,21GZ2,205000.0,500000.0,210000.0,506250.0
902,41AN1,220000.0,443750.0,225000.0,450000.0
903,26EN1,160000.0,493750.0,165000.0,500000.0
904,37DN2,75000.0,431250.0,80000.0,437500.0
905,27BN1,190000.0,493750.0,195000.0,500000.0
906,11FN1,210000.0,568750.0,215000.0,575000.0
907,52DN1,190000.0,381250.0,195000.0,387500.0
908,44AN2,105000.0,418750.0,110000.0,425000.0
909,58GZ2,205000.0,350000.0,210000.0,356250.0
910,18CN2,265000.0,531250.0,270000.0,537500.0
911,33HN1,210000.0,456250.0,215000.0,462500.0
912,07GZ1,240000.0,575000.0,245000.0,581250.0
913,67AN1,20000.0,375000.0,25000.0,381250.0
914,07DN2,235000.0,581250.0,240000.0,587500.0
915,64FN1,50000.0,425000.0,55000.0,431250.0
916,68DZ1,180000.0,325000.0,185000.0,331250.0
917,69DN2,185000.0,306250.0,190000.0,312500.0
918,28EZ1,240000.0,487500.0,245000.0,493750.0
919,08CZ2,265000.0,575000.0,270000.0,581250.0
920,05GN1,160000.0,581250.0,165000.0,587500.0
921,27HZ2,215000.0,475000.0,220000.0,481250.0
922,58HZ1,210000.0,350000.0,215000.0,356250.0
923,10AZ2,145000.0,562500.0,150000.0,568750.0
924,14FZ2,135000.0,537500.0,140000.0,543750.0
925,34FZ1,250000.0,462500.0,255000.0,468750.0
926,31FZ1,130000.0,462500.0,135000.0,468750.0
927,65FZ1,50000.0,393750.0,55000.0,400000.0
928,13DN2,275000.0,556250.0,280000.0,562500.0
929,64FZ2,55000.0,418750.0,60000.0,425000.0
930,27BZ2,195000.0,487500.0,200000.0,493750.0
931,27CZ2,185000.0,475000.0,190000.0,481250.0
932,49CZ2,65000.0,375000.0,70000.0,381250.0
933,31HN1,130000.0,456250.0,135000.0,462500.0
934,27GN2,205000.0,481250.0,210000.0,487500.0
935,06FZ1,210000.0,587500.0,215000.0,593750.0
936,57BN1,150000.0,368750.0,155000.0,375000.0
937,58DN1,190000.0,356250.0,195000.0,362500.0
938,02DZ1,190000.0,600000.0,195000.0,606250.0
939,19AZ2,105000.0,512500.0,110000.0,518750.0
940,12GN1,240000.0,556250.0,245000.0,562500.0
941,14DZ2,115000.0,525000.0,120000.0,531250.0
942,28GZ1,240000.0,475000.0,245000.0,481250.0
943,37HN1,90000.0,431250.0,95000.0,437500.0
944,20HN1,170000.0,506250.0,175000.0,512500.0
945,38EZ1,120000.0,437500.0,125000.0,443750.0
946,27AN2,185000.0,493750.0,190000.0,500000.0
947,58GN2,205000.0,356250.0,210000.0,362500.0
948,25BN1,110000.0,493750.0,115000.0,500000.0
949,27FZ2,215000.0,487500.0,220000.0,493750.0
950,26DN1,150000.0,481250.0,155000.0,487500.0
951,55AZ1,60000.0,362500.0,65000.0,368750.0
952,12FZ2,255000.0,562500.0,260000.0,568750.0
953,21HZ1,210000.0,500000.0,215000.0,506250.0
954,50FZ1,130000.0,387500.0,135000.0,393750.0
955,44CZ1,100000.0,400000.0,105000.0,406250.0
956,66FZ2,15000.0,368750.0,20000.0,375000.0
957,26EN2,165000.0,493750.0,170000.0,500000.0
958,33GZ2,205000.0,450000.0,210000.0,456250.0
959,50GZ2,125000.0,375000.0,130000.0,381250.0
960,27BN2,195000.0,493750.0,200000.0,500000.0
961,26HZ2,175000.0,475000.0,180000.0,481250.0
962,39HN1,170000.0,431250.0,175000.0,437500.0
963,34CZ2,225000.0,450000.0,230000.0,456250.0
964,58CZ1,180000.0,350000.0,185000.0,356250.0
965,11HN2,215000.0,556250.0,220000.0,562500.0
966,41FZ1,250000.0,437500.0,255000.0,443750.0
967,69FZ1,200000.0,312500.0,205000.0,318750.0
968,16FN1,210000.0,543750.0,215000.0,550000.0
969,34FN2,255000.0,468750.0,260000.0,475000.0
970,11CN2,185000.0,556250.0,190000.0,562500.0
971,45GZ2,165000.0,400000.0,170000.0,406250.0
972,51DN2,155000.0,381250.0,160000.0,387500.0
973,22BN2,235000.0,518750.0,240000.0,525000.0
974,41HN1,250000.0,431250.0,255000.0,437500.0
975,44AZ2,105000.0,412500.0,110000.0,418750.0
976,32AN1,140000.0,468750.0,145000.0,475000.0
977,43GZ2,85000.0,400000.0,90000.0,406250.0
978,22DZ1,230000.0,500000.0,235000.0,506250.0
979,51BZ2,155000.0,387500.0,160000.0,393750.0
980,15FN2,175000.0,543750.0,180000.0,550000.0
981,68EN1,190000.0,343750.0,195000.0,350000.0
982,37GZ1,80000.0,425000.0,85000.0,431250.0
983,08DN1,270000.0,581250.0,275000.0,587500.0
984,50GZ1,120000.0,375000.0,125000.0,381250.0
985,14DN1,110000.0,531250.0,115000.0,537500.0
986,43GZ1,80000.0,400000.0,85000.0,406250.0
987,07FN1,250000.0,593750.0,255000.0,600000.0
988,67HN1,50000.0,362500.0,55000.0,368750.0
989,67EN2,45000.0,375000.0,50000.0,381250.0
990,22CZ1,220000.0,500000.0,225000.0,506250.0
991,46DN1,190000.0,406250.0,195000.0,412500.0
992,20GN2,165000.0,506250.0,170000.0,512500.0
993,57AN1,140000.0,368750.0,145000.0,375000.0
994,58GZ1,200000.0,350000.0,205000.0,356250.0
995,28BZ1,230000.0,487500.0,235000.0,493750.0
996,13CN1,260000.0,556250.0,265000.0,562500.0
997,17FN1,250000.0,543750.0,255000.0,550000.0
998,38BN2,115000.0,443750.0,120000.0,450000.0
999,37CN2,65000.0,431250.0,70000.0,437500.0
1000,25BZ1,110000.0,487500.0,115000.0,493750.0
1001,45EN2,165000.0,418750.0,170000.0,425000.0
1002,49EZ1,80000.0,387500.0,85000.0,393750.0
1003,19AN2,105000.0,518750.0,110000.0,525000.0
1004,07HN1,250000.0,581250.0,255000.0,587500.0
1005,25HZ2,135000.0,475000.0,140000.0,481250.0
1006,66FN1,10000.0,375000.0,15000.0,381250.0
1007,39BN1,150000.0,443750.0,155000.0,450000.0
1008,39GN2,165000.0,431250.0,170000.0,437500.0
1009,32HZ1,170000.0,450000.0,175000.0,456250.0
1010,39DN2,155000.0,431250.0,160000.0,437500.0
1011,09BZ2,115000.0,562500.0,120000.0,568750.0
1012,08CN2,265000.0,581250.0,270000.0,587500.0
1013,44DN2,115000.0,406250.0,120000.0,412500.0
1014,64DN2,35000.0,412500.0,40000.0,418750.0
1015,41CZ2,225000.0,425000.0,230000.0,431250.0
1016,06CZ2,185000.0,575000.0,190000.0,581250.0
1017,44HZ1,130000.0,400000.0,135000.0,406250.0
1018,64EZ2,45000.0,418750.0,50000.0,425000.0
1019,12CZ1,220000.0,550000.0,225000.0,556250.0
1020,41FN1,250000.0,443750.0,255000.0,450000.0
1021,06FN2,215000.0,593750.0,220000.0,600000.0
1022,66FN2,15000.0,375000.0,20000.0,381250.0
1023,38CZ1,100000.0,425000.0,105000.0,431250.0
1024,32DZ2,155000.0,450000.0,160000.0,456250.0
1025,43EZ2,85000.0,412500.0,90000.0,418750.0
1026,52FZ1,210000.0,387500.0,215000.0,393750.0
1027,55BN1,70000.0,368750.0,75000.0,375000.0
1028,45AN1,140000.0,418750.0,145000.0,425000.0
1029,12DZ2,235000.0,550000.0,240000.0,556250.0
1030,22GN2,245000.0,506250.0,250000.0,512500.0
1031,13AN2,265000.0,568750.0,270000.0,575000.0
1032,02CZ1,180000.0,600000.0,185000.0,606250.0
1033,33AZ2,185000.0,462500.0,190000.0,468750.0
1034,20AZ1,140000.0,512500.0,145000.0,518750.0
1035,51DZ2,155000.0,375000.0,160000.0,381250.0
1036,43EZ1,80000.0,412500.0,85000.0,418750.0
1037,25EN1,120000.0,493750.0,125000.0,500000.0
1038,31AZ2,105000.0,462500.0,110000.0,468750.0
1039,15GZ2,165000.0,525000.0,170000.0,531250.0
1040,39AN2,145000.0,443750.0,150000.0,450000.0
1041,68HZ1,200000.0,325000.0,205000.0,331250.0
1042,45DZ1,150000.0,400000.0,155000.0,406250.0
1043,58BN2,195000.0,368750.0,200000.0,375000.0
1044,16EN1,200000.0,543750.0,205000.0,550000.0
1045,26HN1,170000.0,481250.0,175000.0,487500.0
1046,22FN1,250000.0,518750.0,255000.0,525000.0
1047,43GN1,80000.0,406250.0,85000.0,412500.0
1048,69EZ2,195000.0,312500.0,200000.0,318750.0
1049,32BN1,150000.0,468750.0,155000.0,475000.0
1050,50DN2,115000.0,381250.0,120000.0,387500.0
1051,17GZ2,245000.0,525000.0,250000.0,531250.0
1052,12DN2,235000.0,556250.0,240000.0,562500.0
1053,26DZ1,150000.0,475000.0,155000.0,481250.0
1054,55AN1,60000.0,368750.0,65000.0,375000.0
1055,22GZ1,240000.0,500000.0,245000.0,506250.0
1056,27EZ1,200000.0,487500.0,205000.0,493750.0
1057,32EN1,160000.0,468750.0,165000.0,475000.0
1058,67AZ2,25000.0,368750.0,30000.0,375000.0
1059,40GZ2,205000.0,425000.0,210000.0,431250.0
1060,26CZ1,140000.0,475000.0,145000.0,481250.0
1061,08CN1,260000.0,581250.0,265000.0,587500.0
1062,50DZ1,110000.0,375000.0,115000.0,381250.0
1063,41GN1,240000.0,431250.0,245000.0,437500.0
1064,09BN2,115000.0,568750.0,120000.0,575000.0
1065,25AZ1,100000.0,487500.0,105000.0,493750.0
1066,28HZ1,250000.0,475000.0,255000.0,481250.0
1067,17DN2,235000.0,531250.0,240000.0,537500.0
1068,38BZ2,115000.0,437500.0,120000.0,443750.0
1069,69EN2,195000.0,318750.0,200000.0,325000.0
1070,10CN1,140000.0,556250.0,145000.0,562500.0
1071,69FN1,200000.0,318750.0,205000.0,325000.0
1072,41EN2,245000.0,443750.0,250000.0,450000.0
1073,11BN1,190000.0,568750.0,195000.0,575000.0
1074,22DN2,235000.0,506250.0,240000.0,512500.0
1075,31DZ1,110000.0,450000.0,115000.0,456250.0
1076,69HN1,200000.0,306250.0,205000.0,312500.0
1077,68BN2,185000.0,343750.0,190000.0,350000.0
1078,21DN1,190000.0,506250.0,195000.0,512500.0
1079,31BZ2,115000.0,462500.0,120000.0,468750.0
1080,43DZ2,75000.0,400000.0,80000.0,406250.0
1081,07DN1,230000.0,581250.0,235000.0,587500.0
1082,31HZ1,130000.0,450000.0,135000.0,456250.0
1083,11CN1,180000.0,556250.0,185000.0,562500.0
1084,02HN1,210000.0,606250.0,215000.0,612500.0
1085,12EN2,245000.0,568750.0,250000.0,575000.0
1086,26GN1,160000.0,481250.0,165000.0,487500.0
1087,45FN2,175000.0,418750.0,180000.0,425000.0
1088,11DN1,190000.0,556250.0,195000.0,562500.0
1089,65GZ1,40000.0,381250.0,45000.0,387500.0
1090,70HN2,15000.0,387500.0,20000.0,393750.0
1091,05FZ1,170000.0,587500.0,175000.0,593750.0
1092,09HN2,135000.0,556250.0,140000.0,562500.0
1093,17GN1,240000.0,531250.0,245000.0,537500.0
1094,03DZ1,230000.0,600000.0,235000.0,606250.0
1095,02HZ2,215000.0,600000.0,220000.0,606250.0
1096,06HN2,215000.0,581250.0,220000.0,587500.0
1097,50BZ1,110000.0,387500.0,115000.0,393750.0
1098,25FZ1,130000.0,487500.0,135000.0,493750.0
1099,34FZ2,255000.0,462500.0,260000.0,468750.0
1100,22DN1,230000.0,506250.0,235000.0,512500.0
1101,39GZ1,160000.0,425000.0,165000.0,431250.0
1102,52HZ1,210000.0,375000.0,215000.0,381250.0
1103,31DN2,115000.0,456250.0,120000.0,462500.0
1104,03HZ1,250000.0,600000.0,255000.0,606250.0
1105,23AN2,265000.0,518750.0,270000.0,525000.0
1106,69BN1,180000.0,318750.0,185000.0,325000.0
1107,69DN1,180000.0,306250.0,185000.0,312500.0
1108,20HZ2,175000.0,500000.0,180000.0,506250.0
1109,20BN1,150000.0,518750.0,155000.0,525000.0
1110,13BZ2,275000.0,562500.0,280000.0,568750.0
1111,43DN1,70000.0,406250.0,75000.0,412500.0
1112,30EN2,85000.0,468750.0,90000.0,475000.0
1113,34GZ1,240000.0,450000.0,245000.0,456250.0
1114,25BZ2,115000.0,487500.0,120000.0,493750.0
1115,58EZ1,200000.0,362500.0,205000.0,368750.0
1116,21AN1,180000.0,518750.0,185000.0,525000.0
1117,43AN1,60000.0,418750.0,65000.0,425000.0
1118,17CZ2,225000.0,525000.0,230000.0,531250.0
1119,33HZ1,210000.0,450000.0,215000.0,456250.0
1120,19FN1,130000.0,518750.0,135000.0,525000.0
1121,38AZ1,100000.0,437500.0,105000.0,443750.0
1122,65AZ2,25000.0,393750.0,30000.0,400000.0
1123,70FZ2,15000.0,393750.0,20000.0,400000.0
1124,32BZ2,155000.0,462500.0,160000.0,468750.0
1125,66HN2,15000.0,362500.0,20000.0,368750.0
1126,06DN1,190000.0,581250.0,195000.0,587500.0
1127,40DZ2,195000.0,425000.0,200000.0,431250.0
1128,11GZ1,200000.0,550000.0,205000.0,556250.0
1129,20GZ2,165000.0,500000.0,170000.0,506250.0
1130,27DZ2,195000.0,475000.0,200000.0,481250.0
1131,52GN2,205000.0,381250.0,210000.0,387500.0
1132,09DZ1,110000.0,550000.0,115000.0,556250.0
1133,31BN2,115000.0,468750.0,120000.0,475000.0
1134,51BZ1,150000.0,387500.0,155000.0,393750.0
1135,26FZ2,175000.0,487500.0,180000.0,493750.0
1136,19DZ1,110000.0,500000.0,115000.0,506250.0
1137,05GN2,165000.0,581250.0,170000.0,587500.0
1138,46GN2,205000.0,406250.0,210000.0,412500.0
1139,45DN1,150000.0,406250.0,155000.0,412500.0
1140,41CZ1,220000.0,425000.0,225000.0,431250.0
1141,01HZ1,170000.0,600000.0,175000.0,606250.0
1142,31AZ1,100000.0,462500.0,105000.0,468750.0
1143,28AZ1,220000.0,487500.0,225000.0,493750.0
1144,31GN1,120000.0,456250.0,125000.0,462500.0
1145,17CN1,220000.0,531250.0,225000.0,537500.0
1146,45EZ2,165000.0,412500.0,170000.0,418750.0
1147,11HZ2,215000.0,550000.0,220000.0,556250.0
1148,39DZ1,150000.0,425000.0,155000.0,431250.0
1149,15CZ1,140000.0,525000.0,145000.0,531250.0
1150,49GN1,80000.0,381250.0,85000.0,387500.0
1151,18AZ2,265000.0,537500.0,270000.0,543750.0
1152,31FN1,130000.0,468750.0,135000.0,475000.0
1153,07GN1,240000.0,581250.0,245000.0,587500.0
1154,14BN2,115000.0,543750.0,120000.0,550000.0
1155,68BZ2,185000.0,337500.0,190000.0,343750.0
1156,38BN1,110000.0,443750.0,115000.0,450000.0
1157,37CZ2,65000.0,425000.0,70000.0,431250.0
1158,41EZ1,240000.0,437500.0,245000.0,443750.0
1159,33DZ2,195000.0,450000.0,200000.0,456250.0
1160,38GN1,120000.0,431250.0,125000.0,437500.0
1161,33FN2,215000.0,468750.0,220000.0,475000.0
1162,04FZ1,130000.0,587500.0,135000.0,593750.0
1163,26HZ1,170000.0,475000.0,175000.0,481250.0
1164,38FZ1,130000.0,437500.0,135000.0,443750.0
1165,27DN1,190000.0,481250.0,195000.0,487500.0
1166,05GZ1,160000.0,575000.0,165000.0,581250.0
1167,05HZ1,170000.0,575000.0,175000.0,581250.0
1168,64GZ1,40000.0,406250.0,45000.0,412500.0
1169,22GZ2,245000.0,500000.0,250000.0,506250.0
1170,40EN2,205000.0,443750.0,210000.0,450000.0
1171,26FZ1,170000.0,487500.0,175000.0,493750.0
1172,55AZ2,65000.0,362500.0,70000.0,368750.0
1173,68CN2,175000.0,331250.0,180000.0,337500.0
1174,22BZ1,230000.0,512500.0,235000.0,518750.0
1175,32HN2,175000.0,456250.0,180000.0,462500.0
1176,33GN2,205000.0,456250.0,210000.0,462500.0
1177,12HZ2,255000.0,550000.0,260000.0,556250.0
1178,68BN1,180000.0,343750.0,185000.0,350000.0
1179,02GZ2,205000.0,600000.0,210000.0,606250.0
1180,03CN1,220000.0,606250.0,225000.0,612500.0
1181,65DN1,30000.0,387500.0,35000.0,393750.0
1182,11EN1,200000.0,568750.0,205000.0,575000.0
1183,12EZ1,240000.0,562500.0,245000.0,568750.0
1184,27AZ1,180000.0,487500.0,185000.0,493750.0
1185,25CZ2,105000.0,475000.0,110000.0,481250.0
1186,13CN2,265000.0,556250.0,270000.0,562500.0
1187,28CZ1,220000.0,475000.0,225000.0,481250.0
1188,28HN2,255000.0,481250.0,260000.0,487500.0
1189,27FN1,210000.0,493750.0,215000.0,500000.0
1190,68EZ2,195000.0,337500.0,200000.0,343750.0
1191,58CN2,185000.0,356250.0,190000.0,362500.0
1192,25GZ2,125000.0,475000.0,130000.0,481250.0
1193,16GN1,200000.0,531250.0,205000.0,537500.0
1194,28CN1,220000.0,481250.0,225000.0,487500.0
1195,12DN1,230000.0,556250.0,235000.0,562500.0
1196,24HN2,95000.0,481250.0,100000.0,487500.0
1197,22EZ1,240000.0,512500.0,245000.0,518750.0
1198,03GN2,245000.0,606250.0,250000.0,612500.0
1199,68DZ2,185000.0,325000.0,190000.0,331250.0
1200,58DZ2,195000.0,350000.0,200000.0,356250.0
1201,09CN2,105000.0,556250.0,110000.0,562500.0
1202,17DZ1,230000.0,525000.0,235000.0,531250.0
1203,69EZ1,190000.0,312500.0,195000.0,318750.0
1204,64HZ1,50000.0,406250.0,55000.0,412500.0
1205,15HN1,170000.0,531250.0,175000.0,537500.0
1206,31BN1,110000.0,468750.0,115000.0,475000.0
1207,15HN2,175000.0,531250.0,180000.0,537500.0
1208,07AN1,220000.0,593750.0,225000.0,600000.0
1209,67GN1,40000.0,362500.0,45000.0,368750.0
1210,20DN2,155000.0,506250.0,160000.0,512500.0
1211,37EZ2,85000.0,437500.0,90000.0,443750.0
1212,03AZ1,220000.0,612500.0,225000.0,618750.0
1213,25DN1,110000.0,481250.0,115000.0,487500.0
1214,17BN1,230000.0,543750.0,235000.0,550000.0
1215,14HZ2,135000.0,525000.0,140000.0,531250.0
1216,03DN1,230000.0,606250.0,235000.0,612500.0
1217,58CN1,180000.0,356250.0,185000.0,362500.0
1218,30FZ1,90000.0,462500.0,95000.0,468750.0
1219,12HZ1,250000.0,550000.0,255000.0,556250.0
1220,31GZ1,120000.0,450000.0,125000.0,456250.0
1221,27GZ2,205000.0,475000.0,210000.0,481250.0
1222,11BZ2,195000.0,562500.0,200000.0,568750.0
1223,52CZ2,185000.0,375000.0,190000.0,381250.0
1224,21AN2,185000.0,518750.0,190000.0,525000.0
1225,06HZ2,215000.0,575000.0,220000.0,581250.0
1226,14CZ1,100000.0,525000.0,105000.0,531250.0
1227,39HZ1,170000.0,425000.0,175000.0,431250.0
1228,17AZ1,220000.0,537500.0,225000.0,543750.0
1229,11BZ1,190000.0,562500.0,195000.0,568750.0
1230,11DZ2,195000.0,550000.0,200000.0,556250.0
1231,67HZ1,50000.0,356250.0,55000.0,362500.0
1232,68BZ1,180000.0,337500.0,185000.0,343750.0
1233,17HZ2,255000.0,525000.0,260000.0,531250.0
1234,15BZ1,150000.0,537500.0,155000.0,543750.0
1235,35AN1,260000.0,468750.0,265000.0,475000.0
1236,40GN2,205000.0,431250.0,210000.0,437500.0
1237,44GZ2,125000.0,400000.0,130000.0,406250.0
1238,13AZ1,260000.0,562500.0,265000.0,568750.0
1239,19AN1,100000.0,518750.0,105000.0,525000.0
1240,17BN2,235000.0,543750.0,240000.0,550000.0
1241,14BN1,110000.0,543750.0,115000.0,550000.0
1242,27DZ1,190000.0,475000.0,195000.0,481250.0
1243,04FN2,135000.0,593750.0,140000.0,600000.0
1244,29AN2,265000.0,493750.0,270000.0,500000.0
1245,33FZ2,215000.0,462500.0,220000.0,468750.0
1246,33HZ2,215000.0,450000.0,220000.0,456250.0
1247,05FZ2,175000.0,587500.0,180000.0,593750.0
1248,16CZ1,180000.0,525000.0,185000.0,531250.0
1249,68GZ2,195000.0,325000.0,200000.0,331250.0
1250,28EN2,245000.0,493750.0,250000.0,500000.0
1251,34AN1,220000.0,468750.0,225000.0,475000.0
1252,29AZ1,260000.0,487500.0,265000.0,493750.0
1253,64FZ1,50000.0,418750.0,55000.0,425000.0
1254,06AN1,180000.0,593750.0,185000.0,600000.0
1255,45BN2,155000.0,418750.0,160000.0,425000.0
1256,13CZ1,260000.0,550000.0,265000.0,556250.0
1257,03CZ1,220000.0,600000.0,225000.0,606250.0
1258,07FZ1,250000.0,587500.0,255000.0,593750.0
1259,67HN2,55000.0,362500.0,60000.0,368750.0
1260,33CZ2,185000.0,450000.0,190000.0,456250.0
1261,26CN1,140000.0,481250.0,145000.0,487500.0
1262,16GN2,205000.0,531250.0,210000.0,537500.0
1263,07BN1,230000.0,593750.0,235000.0,600000.0
1264,40EN1,200000.0,443750.0,205000.0,450000.0
1265,41DN1,230000.0,431250.0,235000.0,437500.0
1266,45GN1,160000.0,406250.0,165000.0,412500.0
1267,16CN1,180000.0,531250.0,185000.0,537500.0
1268,45BZ2,155000.0,412500.0,160000.0,418750.0
1269,05EZ2,165000.0,587500.0,170000.0,593750.0
1270,24FZ2,95000.0,487500.0,100000.0,493750.0
1271,49DN1,70000.0,381250.0,75000.0,387500.0
1272,09HZ1,130000.0,550000.0,135000.0,556250.0
1273,43HN2,95000.0,406250.0,100000.0,412500.0
1274,19EZ2,125000.0,512500.0,130000.0,518750.0
1275,12BN1,230000.0,568750.0,235000.0,575000.0
1276,34CZ1,220000.0,450000.0,225000.0,456250.0
1277,26GZ2,165000.0,475000.0,170000.0,481250.0
1278,02DN1,190000.0,606250.0,195000.0,612500.0
1279,11HN1,210000.0,556250.0,215000.0,562500.0
1280,24HZ2,95000.0,475000.0,100000.0,481250.0
1281,46AN2,185000.0,418750.0,190000.0,425000.0
1282,50GN2,125000.0,381250.0,130000.0,387500.0
1283,57EN2,165000.0,368750.0,170000.0,375000.0
1284,16BN2,195000.0,543750.0,200000.0,550000.0
1285,19HZ1,130000.0,500000.0,135000.0,506250.0
1286,09DN1,110000.0,556250.0,115000.0,562500.0
1287,14AZ2,105000.0,537500.0,110000.0,543750.0
1288,01GZ1,160000.0,600000.0,165000.0,606250.0
1289,69GN1,190000.0,306250.0,195000.0,312500.0
1290,13DZ2,275000.0,550000.0,280000.0,556250.0
1291,52HN1,210000.0,381250.0,215000.0,387500.0
1292,21AZ1,180000.0,512500.0,185000.0,518750.0
1293,25AN2,105000.0,493750.0,110000.0,500000.0
1294,11FZ1,210000.0,562500.0,215000.0,568750.0
1295,58DN2,195000.0,356250.0,200000.0,362500.0
1296,16HZ1,210000.0,525000.0,215000.0,531250.0
1297,55AN2,65000.0,368750.0,70000.0,375000.0
1298,44DZ2,115000.0,400000.0,120000.0,406250.0
1299,19HZ2,135000.0,500000.0,140000.0,506250.0
1300,18AN2,265000.0,543750.0,270000.0,550000.0
1301,11CZ1,180000.0,550000.0,185000.0,556250.0
1302,31CN2,105000.0,456250.0,110000.0,462500.0
1303,15BN1,150000.0,543750.0,155000.0,550000.0
1304,50EN1,120000.0,393750.0,125000.0,400000.0
1305,36FZ2,55000.0,437500.0,60000.0,443750.0
1306,15CZ2,145000.0,525000.0,150000.0,531250.0
1307,33BZ2,195000.0,462500.0,200000.0,468750.0
1308,15EN2,165000.0,543750.0,170000.0,550000.0
1309,68DN2,185000.0,331250.0,190000.0,337500.0
1310,65FZ2,55000.0,393750.0,60000.0,400000.0
1311,21FN1,210000.0,518750.0,215000.0,525000.0
1312,69AN2,175000.0,318750.0,180000.0,325000.0
1313,30HZ1,90000.0,450000.0,95000.0,456250.0
1314,32EN2,165000.0,468750.0,170000.0,475000.0
1315,15EZ2,165000.0,537500.0,170000.0,543750.0
1316,18AN1,260000.0,543750.0,265000.0,550000.0
1317,41AN2,225000.0,443750.0,230000.0,450000.0
1318,58EZ2,205000.0,362500.0,210000.0,368750.0
1319,19FZ2,135000.0,512500.0,140000.0,518750.0
1320,06EN1,200000.0,593750.0,205000.0,600000.0
1321,41BN1,230000.0,443750.0,235000.0,450000.0
1322,15FN1,170000.0,543750.0,175000.0,550000.0
1323,33GN1,200000.0,456250.0,205000.0,462500.0
1324,67DN2,35000.0,362500.0,40000.0,368750.0
1325,07GN2,245000.0,581250.0,250000.0,587500.0
1326,68CZ2,175000.0,325000.0,180000.0,331250.0
1327,05HN2,175000.0,581250.0,180000.0,587500.0
1328,68DN1,180000.0,331250.0,185000.0,337500.0
1329,65GZ2,45000.0,381250.0,50000.0,387500.0
1330,45AZ2,145000.0,412500.0,150000.0,418750.0
1331,13BZ1,270000.0,562500.0,275000.0,568750.0
1332,33DN2,195000.0,456250.0,200000.0,462500.0
1333,41GN2,245000.0,431250.0,250000.0,437500.0
1334,38HZ2,135000.0,425000.0,140000.0,431250.0
1335,12AZ1,220000.0,562500.0,225000.0,568750.0
1336,22AN1,220000.0,518750.0,225000.0,525000.0
1337,06CN1,180000.0,581250.0,185000.0,587500.0
1338,57EZ2,165000.0,362500.0,170000.0,368750.0
1339,28BZ2,235000.0,487500.0,240000.0,493750.0
1340,64GZ2,45000.0,406250.0,50000.0,412500.0
1341,52EN1,200000.0,393750.0,205000.0,400000.0
1342,27CN1,180000.0,481250.0,185000.0,487500.0
1343,66FZ1,10000.0,368750.0,15000.0,375000.0
1344,33EN2,205000.0,468750.0,210000.0,475000.0
1345,04EZ2,125000.0,587500.0,130000.0,593750.0
1346,21GN1,200000.0,506250.0,205000.0,512500.0
1347,49AN2,65000.0,393750.0,70000.0,400000.0
1348,49BZ2,75000.0,387500.0,80000.0,393750.0
1349,18CZ2,265000.0,525000.0,270000.0,531250.0
1350,28DN2,235000.0,481250.0,240000.0,487500.0
1351,10GZ1,160000.0,550000.0,165000.0,556250.0
1352,30HN1,90000.0,456250.0,95000.0,462500.0
1353,37CN1,60000.0,431250.0,65000.0,437500.0
1354,30DZ1,70000.0,450000.0,75000.0,456250.0
1355,16AN2,185000.0,543750.0,190000.0,550000.0
1356,02FZ1,210000.0,612500.0,215000.0,618750.0
1357,17HN1,250000.0,531250.0,255000.0,537500.0
1358,07CZ1,220000.0,575000.0,225000.0,581250.0
1359,26FN2,175000.0,493750.0,180000.0,500000.0
1360,07EN2,245000.0,593750.0,250000.0,600000.0
1361,04DN2,115000.0,581250.0,120000.0,587500.0
1362,38EN2,125000.0,443750.0,130000.0,450000.0
1363,20HN2,175000.0,506250.0,180000.0,512500.0
1364,01CZ2,145000.0,600000.0,150000.0,606250.0
1365,43BZ1,70000.0,412500.0,75000.0,418750.0
1366,27EN2,205000.0,493750.0,210000.0,500000.0
1367,31CZ1,100000.0,450000.0,105000.0,456250.0
1368,43CZ1,60000.0,400000.0,65000.0,406250.0
1369,05AN1,140000.0,593750.0,145000.0,600000.0
